reef_siteid,UNIQUE_ID,Reef,habitat,k,area,rubble,sand,rock,coral_algae,na_proportion,depth_mean,depth_sd,depth_med,site_id,zone_type,lats,longs
Moore_MR_C_1,16071100104.0,Moore,Crest,83.6398678414097,129437.48085331544,0.0,0.14684287812041116,58.95741556534508,40.89574155653451,0.0,1.2861515377118038,0.5983788946287883,1.1119999885559082,L_1,Green,146.24849943349383,-16.861580695111922
Moore_MR_C_2,16071100104.0,Moore,Crest,79.65217391304347,76901.33963279286,0.0,0.12422360248447205,73.54037267080746,26.335403726708076,0.0,1.3420182304301609,0.4359119968779769,1.2389999628067017,L_2,Green,146.24265210518993,-16.85538011477484
Moore_MR_C_3,16071100104.0,Moore,Crest,83.52803738317758,111941.78706551343,0.0,0.0,59.89804587935429,40.10195412064571,0.0,1.347429340555331,0.4366932289537697,1.240500032901764,L_3,Green,146.25147681931173,-16.86725462567553
Moore_MR_C_4,16071100104.0,Moore,Crest,76.3957055214724,78184.30865436653,0.49079754601226994,0.0,84.04907975460122,15.460122699386503,0.0,1.3078015355080863,0.5304163292169496,1.1820000410079956,L_4,Green,146.24751583362695,-16.878249145351198
Moore_MR_C_5,16071100104.0,Moore,Crest,77.40310077519379,98454.09477984346,0.0,0.0,82.17054263565892,17.829457364341085,0.0,1.5935835923904027,0.7393863634449052,1.3860000371932983,L_5,Green,146.23400400858424,-16.8481907917145
Moore_MR_C_6,16071100104.0,Moore,Crest,81.51556776556777,52201.226116100326,0.0,0.0,67.21611721611721,32.78388278388278,0.0,1.3699790084635028,0.5302915398788806,1.1740000247955322,L_6,Green,146.23964878434668,-16.851750961675933
Moore_MR_C_7,16071100104.0,Moore,Crest,79.17170953101363,62855.21237831516,0.0,0.15128593040847202,75.18910741301059,24.659606656580937,0.0,1.2166107579877106,0.48360275624775545,1.0864999890327454,L_7,Green,146.25022692968116,-16.872604612703537
Moore_MR_OF_1,16071100104.0,Moore,Outer Flat,86.07006125574273,124458.66966792708,1.5313935681470139,1.3016845329249618,40.35222052067381,56.81470137825421,0.0,1.9987269806041061,0.4889715445858387,1.8309999704360962,L_8,Green,146.19497971807542,-16.89195170561482
Moore_MR_OF_10,16071100104.0,Moore,Outer Flat,76.28968253968254,24079.841552573256,1.1904761904761905,21.428571428571427,3.9682539682539684,73.41269841269842,0.0,2.092859504636654,0.14426699922464453,2.0644999742507935,L_9,Green,146.21245664004198,-16.888514896554454
Moore_MR_OF_11,16071100104.0,Moore,Outer Flat,75.81218274111676,111959.48772720806,2.1996615905245345,17.42808798646362,16.58206429780034,63.790186125211505,0.0,2.3347898038214137,0.6076558686984379,2.1740000247955322,L_10,Green,146.21808757322626,-16.888537357130705
Moore_MR_OF_12,16071100104.0,Moore,Outer Flat,83.17510548523207,22512.65185918659,0.0,0.0,61.18143459915612,38.81856540084388,0.0,0.9334017457399827,0.02944925732892654,0.9359999895095825,L_11,Green,146.25014403767574,-16.865681450025665
Moore_MR_OF_2,16071100104.0,Moore,Outer Flat,86.51524777636595,74701.63197803684,0.3811944091486658,1.3977128335451081,42.566709021601014,55.65438373570521,0.0,1.670757737487033,0.5100790029162927,1.5290000438690186,L_5,Green,146.2334724226487,-16.8495983200663
Moore_MR_OF_3,16071100104.0,Moore,Outer Flat,85.87729357798166,124114.03316707956,3.5168195718654434,0.5351681957186545,36.620795107033636,59.32721712538226,0.0,1.2281459848859497,0.2167678757630305,1.2020000219345093,L_12,Green,146.24451512150944,-16.859011310037918
Moore_MR_OF_4,16071100104.0,Moore,Outer Flat,89.18831168831169,80338.79890576331,0.0,0.0,39.315230224321134,60.684769775678866,0.0,1.099037267850793,0.1775348141331865,1.024999976158142,L_13,Green,146.24079306621488,-16.85514722701283
Moore_MR_OF_5,16071100104.0,Moore,Outer Flat,84.16856492027335,41584.86461727973,0.0,14.578587699316628,4.555808656036446,80.86560364464692,0.0,2.392093744988625,0.20560288996388149,2.36299991607666,L_14,Green,146.1989976225211,-16.88254849048735
Moore_MR_OF_6,16071100104.0,Moore,Outer Flat,80.58024691358024,38441.346766835544,0.0,0.0,70.61728395061728,29.382716049382715,0.0,2.318244789416591,0.7127920933098647,2.128499984741211,L_15,Green,146.2281359554441,-16.846242488651296
Moore_MR_OF_7,16071100104.0,Moore,Outer Flat,85.90292275574113,136971.89531025803,0.0,0.06958942240779402,51.00904662491301,48.921363952679194,0.0,0.872552957780349,0.08557486298901082,0.8629999756813049,L_16,Green,146.24835147344555,-16.874922957279853
Moore_MR_OF_8,16071100104.0,Moore,Outer Flat,85.36505681818181,167229.85133617045,0.3977272727272727,5.284090909090909,32.55681818181818,61.76136363636363,0.0,1.591397848999486,0.6099545405248751,1.340999960899353,L_17,Green,146.23719380444564,-16.85205430639599
Moore_MR_OF_9,16071100104.0,Moore,Outer Flat,81.08108108108108,140734.54589663213,0.33783783783783783,7.4324324324324325,40.54054054054054,51.689189189189186,0.0,1.4093566335386964,0.6006256197082708,1.1549999713897705,L_18,Green,146.24347795731043,-16.88086302950288
Moore_MR_SS_1,16071100104.0,Moore,Sheltered Slope,19.772609819121445,184158.822707986,7.028423772609819,19.483204134366925,15.297157622739018,8.682170542635658,49.50904392764858,10.046419779415968,5.428696977480947,9.776000022888184,L_19,Green,146.19850126419848,-16.881853040450515
Moore_MR_SS_10,16071100104.0,Moore,Sheltered Slope,0.8403361344537815,33770.755155074876,0.0,99.15966386554622,0.0,0.8403361344537815,0.0,6.427346260156204,1.1997098726174917,6.810999870300293,L_20,Green,146.2189166454304,-16.87995028151449
Moore_MR_SS_11,16071100104.0,Moore,Sheltered Slope,33.973684210526315,17826.207357996143,11.578947368421053,48.94736842105263,20.0,19.473684210526315,0.0,4.837857137407576,1.8259074824432977,4.383999824523926,L_21,Green,146.22185924500388,-16.8880339217903
Moore_MR_SS_12,16071100104.0,Moore,Sheltered Slope,0.0,1250.9943127147853,7.142857142857143,92.85714285714286,0.0,0.0,0.0,5.528000036875407,0.5173674068070301,5.694999933242798,L_22,Green,146.22908889691735,-16.886978368451555
Moore_MR_SS_2,16071100104.0,Moore,Sheltered Slope,24.309366130558182,101592.19755722815,8.609271523178808,29.706717123935668,5.865657521286661,20.056764427625353,35.76158940397351,9.30573111427427,2.9528833635445033,9.420000076293945,L_23,Green,146.23438661058657,-16.85536403922058
Moore_MR_SS_3,16071100104.0,Moore,Sheltered Slope,39.85190958690569,122570.48372718506,11.457521434138737,4.832424006235386,27.123928293063134,20.187061574434917,36.39906469212782,8.126594615119291,5.267183221202365,6.660999774932861,L_24,Green,146.19704309626835,-16.885454561243538
Moore_MR_SS_4,16071100104.0,Moore,Sheltered Slope,22.419324577861165,249215.26396020036,6.266416510318949,3.602251407129456,23.677298311444652,5.25328330206379,61.20075046904315,10.660024779306042,4.962337905576544,11.863500118255615,L_25,Green,146.19300269070538,-16.889151792774562
Moore_MR_SS_5,16071100104.0,Moore,Sheltered Slope,25.268595041322314,183567.23185554985,19.834710743801654,49.6900826446281,11.983471074380166,16.580578512396695,1.9111570247933884,6.287482494989683,2.4514728230145746,6.831999778747559,L_26,Green,146.2130717696043,-16.8874985839897
Moore_MR_SS_6,16071100104.0,Moore,Sheltered Slope,5.810111464968152,118473.36072853673,8.121019108280255,1.6719745222929936,7.245222929936306,0.5573248407643312,82.40445859872611,13.97404324957837,3.6197729151871934,14.8149995803833,L_27,Green,146.22598383749414,-16.85897815064783
Moore_MR_SS_7,16071100104.0,Moore,Sheltered Slope,22.1408371040724,84114.7206080337,7.6923076923076925,70.13574660633485,0.11312217194570136,22.058823529411764,0.0,5.208476647074351,1.606402559188148,5.053999900817871,L_28,Green,146.21485381533938,-16.8817747863437
Moore_MR_SS_8,16071100104.0,Moore,Sheltered Slope,15.699404761904763,252338.2882249197,11.160714285714286,55.13392857142857,8.928571428571429,9.226190476190476,15.550595238095237,6.348464959774468,2.884774130905485,5.728000164031982,L_29,Green,146.20472808615722,-16.884028692091874
Moore_MR_SS_9,16071100104.0,Moore,Sheltered Slope,23.008707607699357,104395.61599875009,5.316223648029331,2.933088909257562,13.657195233730523,13.10724106324473,64.98625114573785,11.86875652414589,4.610413530227112,12.513999938964844,L_30,Green,146.2309531378898,-16.85098793522379
Moore_MR_S_1,16071100104.0,Moore,Slope,21.485411140583555,287106.2325030188,0.0,0.3647214854111406,23.872679045092838,4.177718832891247,71.58488063660478,13.808360588893427,5.313152503702607,16.22499942779541,L_31,Green,146.25062176823673,-16.879912170646058
Moore_MR_S_10,16071100104.0,Moore,Slope,29.98139188686267,248588.7888734066,12.318570896911053,1.3025679196129512,21.43654633420171,14.43989579456643,50.50241905470785,10.047273565741147,5.085994726206962,10.184999942779541,L_32,Green,146.18702681441798,-16.89104058067532
Moore_MR_S_11,16071100104.0,Moore,Slope,10.87782340862423,139489.46534616407,1.5058179329226558,0.0,7.734428473648186,5.270362765229295,85.48939082819986,13.159356910612791,3.8304186918913,14.4544997215271,L_33,Green,146.21536189473736,-16.89342195631533
Moore_MR_S_12,16071100104.0,Moore,Slope,49.505662020905916,109694.42252342962,0.0,0.0,53.745644599303134,10.54006968641115,35.714285714285715,9.172412542230733,5.378810806402482,6.98199987411499,L_34,Green,146.22123975481773,-16.84652420007437
Moore_MR_S_13,16071100104.0,Moore,Slope,0.0,226140.37395826913,0.0,0.0,0.0,0.0,100.0,16.345740011247308,1.0587358035348517,16.246000289916992,L_35,Green,146.2235476909617,-16.89502143486808
Moore_MR_S_14,16071100104.0,Moore,Slope,51.37171286425018,129389.22499938775,1.7057569296375266,0.0,48.898365316275765,15.92039800995025,33.47547974413646,7.641969527938579,5.2520067237814585,5.517000198364258,L_36,Green,146.22962713935777,-16.846292486489077
Moore_MR_S_15,16071100104.0,Moore,Slope,18.438139059304703,185781.30174259283,0.05112474437627812,0.4601226993865031,20.143149284253578,3.834355828220859,75.51124744376278,13.520748861626231,5.517960789262029,15.658999919891357,L_37,Green,146.24760264385003,-16.883116527144278
Moore_MR_S_16,16071100104.0,Moore,Slope,13.609374999999998,106306.2538784002,13.660714285714286,0.0,15.446428571428571,2.4107142857142856,68.48214285714286,12.74942534441798,5.241335718309237,14.458000183105469,L_38,Green,146.18690255508872,-16.88638344363748
Moore_MR_S_17,16071100104.0,Moore,Slope,12.885191846522781,159193.62830397952,6.3549160671462825,1.618705035971223,9.172661870503598,6.235011990407674,76.61870503597122,12.021785005182029,3.6617386209574496,13.29800033569336,L_39,Green,146.22484492511023,-16.890208027346997
Moore_MR_S_18,16071100104.0,Moore,Slope,19.422901459854014,104134.67320310418,7.755474452554744,0.0,19.616788321167885,5.200729927007299,67.42700729927007,12.21734370849665,4.458466980676266,13.903000354766846,L_40,Green,146.1928537211446,-16.893948031386167
Moore_MR_S_19,16071100104.0,Moore,Slope,27.02680525164114,86911.49756977474,0.0,0.0,33.8074398249453,2.516411378555799,63.67614879649891,11.939545479001879,5.8160708026564025,14.060999870300293,L_41,Green,146.24759427830614,-16.858193059021136
Moore_MR_S_2,16071100104.0,Moore,Slope,13.843477074235809,348115.2531043119,2.3471615720524017,6.195414847161572,12.581877729257641,4.721615720524017,74.15393013100437,13.25745283953265,4.782231885919769,15.158999919891357,L_42,Green,146.23936310623506,-16.887739255630663
Moore_MR_S_20,16071100104.0,Moore,Slope,32.84090909090909,47815.115320474375,0.0,0.0,32.21343873517787,9.486166007905139,58.30039525691699,11.582575697964485,6.157119242993068,12.620999813079834,L_43,Green,146.217815710674,-16.847251736292403
Moore_MR_S_21,16071100104.0,Moore,Slope,7.080620931397096,190386.1996394787,30.696044066099148,14.071106659989985,7.210816224336504,1.8527791687531296,46.16925388082123,9.880154417533209,3.4625770703098406,9.331999778747559,L_44,Green,146.21363836617954,-16.868384688319892
Moore_MR_S_22,16071100104.0,Moore,Slope,0.0,221756.60024294443,0.0,0.0,0.0,0.0,100.0,15.626042956952217,0.9112166944886915,15.538000106811523,L_45,Green,146.21965860454628,-16.895121241106317
Moore_MR_S_23,16071100104.0,Moore,Slope,7.355427046263345,106927.86914726766,8.807829181494663,47.95373665480427,5.604982206405694,3.2918149466192173,34.34163701067616,8.452129815703232,4.621267347277468,6.12749981880188,L_46,Green,146.20138820971323,-16.879124452404504
Moore_MR_S_24,16071100104.0,Moore,Slope,15.397970085470085,89753.67927749828,3.7393162393162394,0.0,15.491452991452991,4.166666666666667,76.6025641025641,12.009190639923249,3.114350250282343,13.168999671936035,L_47,Green,146.21050264711687,-16.890232698696988
Moore_MR_S_25,16071100104.0,Moore,Slope,10.110654441985456,299004.6593301678,5.97533986721467,1.9917799557382232,7.840657603540942,4.426177679418274,79.7660448940879,13.179609710390263,3.7982806395304998,14.810999870300293,L_48,Green,146.22999756209276,-16.890021591477282
Moore_MR_S_26,16071100104.0,Moore,Slope,24.27227342549923,124114.19568072166,5.299539170506913,0.7680491551459293,20.6605222734255,9.293394777265744,63.97849462365591,11.372935060943876,4.49302680658746,11.729000091552734,L_49,Green,146.20369728920068,-16.873686635410916
Moore_MR_S_27,16071100104.0,Moore,Slope,30.559055118110237,120039.92525529955,0.0,0.0,40.62992125984252,1.1023622047244095,58.267716535433074,11.424527621005891,5.766558516759164,12.38700008392334,L_2,Green,146.24364493046585,-16.854440401358904
Moore_MR_S_28,16071100104.0,Moore,Slope,15.022697795071336,219873.910698622,0.8214440121054907,9.554690877648076,13.445741461305664,5.27453523562473,70.90358841331604,12.278538316339592,4.124354063924693,14.274999618530273,L_50,Green,146.2349732036119,-16.88801208359436
Moore_MR_S_29,16071100104.0,Moore,Slope,10.29645476772616,77874.03697757702,1.466992665036675,0.0,12.34718826405868,1.3447432762836187,84.84107579462103,12.188256422678629,2.654589394643771,13.166000366210938,L_51,Green,146.22015686216332,-16.889903161029345
Moore_MR_S_3,16071100104.0,Moore,Slope,15.235608762098828,187571.9804283902,21.192052980132452,6.062149770759042,10.54508405501783,7.590422822210901,54.61029037187978,10.939052314177044,4.781450523092709,10.387500286102295,L_52,Green,146.20836173320754,-16.87007655784157
Moore_MR_S_30,16071100104.0,Moore,Slope,9.530228758169935,58788.913771106396,14.379084967320262,14.379084967320262,9.313725490196079,2.7777777777777777,59.150326797385624,11.288993271768193,3.9511277392630015,11.824999809265137,L_53,Green,146.20392742470568,-16.888125963584606
Moore_MR_S_31,16071100104.0,Moore,Slope,0.0,304977.0016628909,0.0,0.0,0.0,0.0,100.0,17.281322329353184,1.2303367107207013,17.329999923706055,L_54,Green,146.2343017789754,-16.89426188858158
Moore_MR_S_32,16071100104.0,Moore,Slope,44.330122591943955,54074.51778317196,0.0,0.0,60.42031523642732,0.5253940455341506,39.05429071803853,10.067396802271535,4.526517303094753,7.7170000076293945,L_55,Green,146.179007527938,-16.871067563430653
Moore_MR_S_33,16071100104.0,Moore,Slope,23.238065326633166,75350.34206689568,0.0,0.0,31.532663316582916,0.3768844221105528,68.09045226130654,11.889938825622519,4.806919937166943,13.609500408172607,L_56,Green,146.25060732639858,-16.861982376331593
Moore_MR_S_34,16071100104.0,Moore,Slope,47.43430152143845,69390.57800343214,0.0,0.0,58.367911479944674,5.117565698478561,36.51452282157676,7.850077030322011,5.384193499085754,5.72599983215332,L_57,Green,146.2386551279417,-16.849834648079263
Moore_MR_S_35,16071100104.0,Moore,Slope,0.0,232402.37505759858,0.0,0.0,0.0,0.0,100.0,16.829886308861028,1.296123527920311,16.673999786376953,L_58,Green,146.22909485283435,-16.894662948909684
Moore_MR_S_36,16071100104.0,Moore,Slope,31.489122280570143,126950.81416913401,0.0,0.0,38.25956489122281,3.7509377344336086,57.989497374343586,11.061040107689577,4.928415523974921,10.878999710083008,L_59,Green,146.25355125757696,-16.866548947465965
Moore_MR_S_37,16071100104.0,Moore,Slope,0.3553921568627451,19064.742817895487,0.9803921568627451,0.0,0.49019607843137253,0.0,98.52941176470588,16.401832249350175,2.8002454244810036,16.816999435424805,L_60,Green,146.21421129042534,-16.85225703767827
Moore_MR_S_38,16071100104.0,Moore,Slope,2.2568093385214008,25021.277749726083,3.8910505836575875,0.0,3.11284046692607,0.0,92.99610894941634,14.621127464856759,2.8778381935689565,15.859999656677246,L_61,Green,146.20987520127832,-16.897153710361877
Moore_MR_S_39,16071100104.0,Moore,Slope,68.45779220779221,14695.997722434346,0.0,0.0,34.41558441558441,43.506493506493506,22.07792207792208,5.030857127810282,3.8189461617680354,3.4070000648498535,L_62,Green,146.1921637826307,-16.887396268487947
Moore_MR_S_4,16071100104.0,Moore,Slope,20.73331463825014,170774.58696733043,0.0,0.6169377453729669,21.48065058889512,5.159842961301178,72.74256870443074,13.506303874411062,6.243498850083909,17.11400032043457,L_63,Green,146.24480281537302,-16.886165743462847
Moore_MR_S_40,16071100104.0,Moore,Slope,0.0,625.2096516690217,0.0,0.0,0.0,0.0,100.0,19.298333485921223,0.54531634449969,19.565000534057617,L_64,Green,146.16738849086482,-16.881939504340412
Moore_MR_S_5,16071100104.0,Moore,Slope,16.53196179279941,130026.698200766,1.322556943423953,0.0,17.63409257898604,3.7472446730345332,77.29610580455548,14.39418114805759,5.287991422609982,16.762999534606934,L_65,Green,146.22415605761844,-16.853879757592207
Moore_MR_S_6,16071100104.0,Moore,Slope,45.164066085360254,205455.53109697672,0.0,0.0,54.38274437815512,5.736576411197797,39.88067921064709,9.618744597687936,5.393777977058455,7.737499952316284,L_66,Green,146.25269919174124,-16.872707216787873
Moore_MR_S_7,16071100104.0,Moore,Slope,9.936090225563909,63153.77036182955,19.849624060150376,0.0,13.082706766917294,0.45112781954887216,66.61654135338345,13.368486298455132,5.2639228153939195,14.854000091552734,L_67,Green,146.1837624872962,-16.883156694087987
Moore_MR_S_8,16071100104.0,Moore,Slope,15.223492723492724,137544.44021125184,9.90990990990991,0.0,15.453915453915453,4.0194040194040195,70.61677061677062,12.242836132031702,4.806436334809926,12.451499938964844,L_68,Green,146.2160456552013,-16.863738918307224
Moore_MR_S_9,16071100104.0,Moore,Slope,30.090388007054674,107886.94441078696,6.4373897707231045,0.0,26.54320987654321,10.846560846560847,56.17283950617284,10.148951626156652,4.045026681232535,10.892000198364258,L_69,Green,146.19750013483267,-16.892097522579558
Milln_MR_C_1,16067100104.0,Milln,Crest,78.44985875706213,134911.29212181736,0.07062146892655367,0.0,78.10734463276836,21.822033898305083,0.0,1.3169917846634105,0.5394016671890253,1.1100000143051147,L_70,Dark Blue,146.27933155079523,-16.783417662234974
Milln_MR_C_2,16067100104.0,Milln,Crest,81.7434554973822,90572.83054631483,0.0,0.0,66.38743455497382,33.61256544502618,0.0,1.1753516482782889,0.41112695330059507,1.0324999690055847,L_71,Dark Blue,146.27574977366967,-16.789478634289587
Milln_MR_C_3,16067100104.0,Milln,Crest,83.47847358121331,48411.07756591868,0.0,0.0,60.07827788649706,39.92172211350294,0.0,1.3296486462723935,0.46969490356765903,1.187999963760376,L_72,Dark Blue,146.2704982453871,-16.793115042799375
Milln_MR_C_4,16067100104.0,Milln,Crest,81.68661588683351,87456.35002980288,0.0,0.0,66.59412404787813,33.405875952121875,0.0,1.4104529792835954,0.3488867108244155,1.340000033378601,L_73,Dark Blue,146.26670833727516,-16.79720474612781
Milln_MR_OF_1,16067100104.0,Milln,Outer Flat,77.43100335310807,369127.91149331676,4.152695383028115,3.378901212277534,54.68145473304101,37.78694867165334,0.0,1.338373988126975,0.4121655063172722,1.2130000591278076,L_74,Dark Blue,146.27700159873783,-16.78354486734313
Milln_MR_OF_2,16067100104.0,Milln,Outer Flat,80.51132075471699,252347.31258559506,0.8301886792452831,7.886792452830188,39.16981132075472,52.113207547169814,0.0,1.3527069781433487,0.4065056734397008,1.3289999961853027,L_75,Dark Blue,146.2712842813689,-16.78935041226912
Milln_MR_OF_3,16067100104.0,Milln,Outer Flat,84.02451586320561,231125.33238760522,0.57684384013185,0.0,55.99505562422744,43.42810053564071,0.0,1.4464197053004884,0.4423431987001065,1.4070000052452087,L_73,Dark Blue,146.26639510593503,-16.7949457073472
Milln_MR_OF_4,16067100104.0,Milln,Outer Flat,84.25895087427143,114617.7986012646,0.0,0.5828476269775187,55.120732722731056,44.296419650291426,0.0,0.9646474188185531,0.18793353802627094,0.906000018119812,L_76,Dark Blue,146.27549597929945,-16.787679402766212
Milln_MR_SS_1,16067100104.0,Milln,Sheltered Slope,15.312500000000002,1561.3605366628617,6.25,0.0,12.5,6.25,75.0,11.966687440872192,1.778033360032014,11.91599988937378,L_77,Dark Blue,146.2745958078802,-16.78084499999823
Milln_MR_S_1,16067100104.0,Milln,Slope,51.57361308677098,133976.43868495245,0.0,0.0,58.67709815078236,9.03271692745377,32.29018492176387,7.984497005167394,3.0457464988784038,8.111000061035156,L_78,Dark Blue,146.28253872951555,-16.78317436298219
Milln_MR_S_2,16067100104.0,Milln,Slope,41.84415236051502,177710.91558774887,0.0,0.0,34.92489270386266,16.523605150214593,48.55150214592275,10.813571944541295,5.260136986562589,9.735499858856201,L_79,Dark Blue,146.28058340900998,-16.78802464223927
Milln_MR_S_3,16067100104.0,Milln,Slope,44.020109689213896,261426.5130989817,0.0,0.0,37.36745886654479,16.928702010968923,45.703839122486286,10.688265770500818,4.537369657678442,9.359000205993652,L_80,Dark Blue,146.27676267411954,-16.79240312781077
Milln_MR_S_4,16067100104.0,Milln,Slope,42.33644859813085,233946.98499754444,0.0,0.0,35.920357578220234,16.29418935392117,47.7854530678586,9.996754322021172,4.454734168545361,9.630499839782715,L_81,Dark Blue,146.27124447114437,-16.795911135137082
Milln_MR_S_5,16067100104.0,Milln,Slope,0.0,14987.148259407375,0.0,0.0,0.0,0.0,100.0,17.33467424999584,1.474481460186476,17.182499885559082,L_82,Dark Blue,146.27345451678727,-16.77374572260139
Milln_MR_S_6,16067100104.0,Milln,Slope,63.83356545961003,68075.72698056,0.2785515320334262,0.0,69.22005571030641,13.649025069637883,16.852367688022284,6.97618960131199,3.9654027255127207,5.925999879837036,L_83,Dark Blue,146.27826651722216,-16.77989910830748
Milln_MR_S_7,16067100104.0,Milln,Slope,49.203448275862065,69341.32427705498,0.13793103448275862,0.0,60.827586206896555,5.103448275862069,33.93103448275862,8.317646623706539,5.367453996451067,6.161499977111816,L_84,Dark Blue,146.26532121520373,-16.798488264635743
Thetford_TR_C_1,16068100104.0,Thetford,Crest,75.16722408026756,85240.40940979542,0.0,0.0,90.3010033444816,9.698996655518394,0.0,1.4049201846962245,0.7334066745672653,1.1660000085830688,L_85,Yellow,146.19810481986968,-16.801245583770672
Thetford_TR_C_2,16068100104.0,Thetford,Crest,77.67453457446807,142395.81966814818,0.0,0.0,81.18351063829788,18.81648936170213,0.0,1.3813686794444415,0.7626469482162578,1.0925000309944153,L_86,Yellow,146.1997147587146,-16.807382520844065
Thetford_TR_C_3,16068100104.0,Thetford,Crest,82.21608832807571,60271.87516689906,0.0,0.0,64.66876971608833,35.33123028391167,0.0,1.3553891660544672,0.5581726192705627,1.1929999589920044,L_87,Yellow,146.19581179563093,-16.81216872102212
Thetford_TR_C_4,16068100104.0,Thetford,Crest,76.35714285714286,26857.034316257108,0.0,3.2142857142857144,74.28571428571429,22.5,0.0,2.121824629271208,0.6504987394781131,1.9670000076293945,L_88,Yellow,146.18963144037903,-16.814681658970667
Thetford_TR_C_5,16068100104.0,Thetford,Crest,74.3287037037037,20922.45744012855,4.62962962962963,0.9259259259259259,73.14814814814815,21.296296296296298,0.0,2.2735215374157187,0.6548957409033799,2.0350000858306885,L_89,Yellow,146.18025065354126,-16.81509942193453
Thetford_TR_OF_1,16068100104.0,Thetford,Outer Flat,79.22268907563026,226991.3332164348,0.42016806722689076,7.184873949579832,47.89915966386555,44.49579831932773,0.0,1.534381768846239,0.5293366044229346,1.5199999809265137,L_90,Yellow,146.1950682702458,-16.801245472151127
Thetford_TR_OF_2,16068100104.0,Thetford,Outer Flat,76.57868190988566,142089.56898094108,0.0,10.827168796234028,45.79690652320107,43.37592468056489,0.0,1.415978060954864,0.37559355982791853,1.3370000123977661,L_91,Yellow,146.1901616949953,-16.813297506947663
Thetford_TR_OF_3,16068100104.0,Thetford,Outer Flat,69.09649122807018,54014.206533902325,0.3508771929824561,27.36842105263158,11.578947368421053,60.70175438596491,0.0,2.6190664185369146,0.681394759989111,2.364500045776367,L_92,Yellow,146.1906072153283,-16.801084473398046
Thetford_TR_OF_4,16068100104.0,Thetford,Outer Flat,85.49475753604194,144895.9872502829,0.0,5.242463958060289,33.68283093053735,61.07470511140236,0.0,1.4736069201185629,0.6597967685476879,1.3389999866485596,L_93,Yellow,146.19658020719862,-16.809314854827274
Thetford_TR_OF_5,16068100104.0,Thetford,Outer Flat,83.18340611353712,108356.8193304576,0.26200873362445415,9.781659388646288,24.62882096069869,65.32751091703057,0.0,1.807110701759803,0.43393197747673073,1.7280000448226929,L_94,Yellow,146.17926725710612,-16.81394402280888
Thetford_TR_OF_6,16068100104.0,Thetford,Outer Flat,16.432038834951456,29666.78814761853,0.0,81.87702265372168,6.148867313915858,11.974110032362459,0.0,1.4075850337541023,0.18782143679083896,1.3680000305175781,L_95,Yellow,146.18446747831885,-16.814812141779427
Thetford_TR_OF_7,16068100104.0,Thetford,Outer Flat,52.961672473867594,27475.359576036688,0.6968641114982579,46.34146341463415,0.0,52.961672473867594,0.0,2.8386028863032373,0.16426511504794428,2.8410000801086426,L_96,Yellow,146.18240810694772,-16.803860569937715
Thetford_TR_SS_1,16068100104.0,Thetford,Sheltered Slope,44.5,936.6064325589687,30.0,0.0,20.0,30.0,20.0,8.64040002822876,2.611669839484906,9.301000118255615,L_97,Yellow,146.18693690812387,-16.79887679434324
Thetford_TR_SS_2,16068100104.0,Thetford,Sheltered Slope,19.621559633027523,20608.68716322258,2.7522935779816513,39.44954128440367,8.715596330275229,13.302752293577981,35.77981651376147,9.414579203813384,3.0198724754390716,9.048500061035156,L_98,Yellow,146.1789847791388,-16.811281697513582
Thetford_TR_S_1,16068100104.0,Thetford,Slope,31.793699186991866,47156.65406070184,0.0,0.0,27.03252032520325,12.195121951219512,60.77235772357724,11.826675206422806,5.6684001357846965,12.592000007629395,L_87,Yellow,146.19549094825445,-16.813455640175306
Thetford_TR_S_10,16068100104.0,Thetford,Slope,59.47798295454545,70263.70212964155,0.0,0.0,56.96022727272727,18.181818181818183,24.857954545454547,7.48305271884315,4.139691117745354,5.857500076293945,L_99,Yellow,146.20005633306144,-16.809445314837188
Thetford_TR_S_11,16068100104.0,Thetford,Slope,27.817398119122256,122069.65583620407,5.094043887147335,14.655172413793103,26.802507836990596,8.385579937304076,45.06269592476489,9.960445370646294,4.786526110905451,9.157999992370605,L_100,Yellow,146.18999512001002,-16.79711145473635
Thetford_TR_S_12,16068100104.0,Thetford,Slope,11.778846153846153,9989.258782846853,0.0,0.0,9.615384615384615,4.8076923076923075,85.57692307692308,14.20916273982026,3.7041775176734144,14.519000053405762,L_101,Yellow,146.17907794035696,-16.794562049330413
Thetford_TR_S_13,16068100104.0,Thetford,Slope,22.971230158730158,48092.119152385276,0.0,0.0,19.642857142857142,8.73015873015873,71.62698412698413,13.318099182869311,5.304870939168516,15.756499767303467,L_95,Yellow,146.18426284267622,-16.815736061236386
Thetford_TR_S_2,16068100104.0,Thetford,Slope,26.975931677018632,61209.73700846825,0.0,0.0,18.788819875776397,13.354037267080745,67.85714285714286,12.339213545039549,5.567955871463653,14.354499816894531,L_88,Yellow,146.19014290025132,-16.815154633845363
Thetford_TR_S_3,16068100104.0,Thetford,Slope,14.65971873430437,189495.98940768326,0.5022601707684581,0.6027122049221497,14.816675037669512,3.917629331993973,80.1607232546459,13.385036996432714,5.057939395589247,14.466000080108643,L_102,Yellow,146.18683721799005,-16.79558205137988
Thetford_TR_S_4,16068100104.0,Thetford,Slope,37.27911237785016,233534.96450603567,4.763843648208469,3.949511400651466,38.5586319218241,9.324104234527688,43.40390879478827,9.884077580449485,4.164117489165325,9.156000137329102,L_103,Yellow,146.1952637258357,-16.797848349719608
Thetford_TR_S_5,16068100104.0,Thetford,Slope,16.538167938931295,186725.16725444607,1.2213740458015268,0.0,16.844783715012724,4.325699745547074,77.60814249363868,13.710584173835603,4.962257362343684,15.493499755859375,L_104,Yellow,146.17464808510857,-16.812197317205367
Thetford_TR_S_6,16068100104.0,Thetford,Slope,17.808912896691425,140815.23524318123,10.263335584064821,0.0,15.530047265361242,6.549628629304524,67.65698852126941,12.423117880648025,5.246879590982921,13.41100025177002,L_105,Yellow,146.17669163630865,-16.80759006806505
Thetford_TR_S_7,16068100104.0,Thetford,Slope,28.91167192429022,60269.32989888545,0.0,0.0,29.652996845425868,7.413249211356467,62.93375394321767,12.394679797143544,6.058635150534412,14.940999984741211,L_94,Yellow,146.17924729477878,-16.815616776092366
Thetford_TR_S_8,16068100104.0,Thetford,Slope,26.555555555555557,51815.93369295262,0.0,0.0,34.074074074074076,1.8518518518518519,64.07407407407408,12.65107094792199,4.690069471313538,11.295999526977539,L_106,Yellow,146.18415395603353,-16.788944599652382
Thetford_TR_S_9,16068100104.0,Thetford,Slope,58.705533596837945,49022.921055841725,0.0,0.0,66.79841897233202,10.276679841897232,22.92490118577075,7.53740042349115,2.1966363731473884,7.746000051498413,L_107,Yellow,146.20028641292996,-16.80272240330282
Elford_ER_C_1,16073100104.0,Elford,Crest,82.56137184115522,131481.403591529,0.0,0.1444043321299639,62.888086642599276,36.96750902527076,0.0,1.0469127461110694,0.45894983342669027,0.925000011920929,L_108,Yellow,146.29785620453586,-16.91970402837281
Elford_ER_C_10,16073100104.0,Elford,Crest,81.28955696202532,90463.151137474,0.0,0.0,68.0379746835443,31.962025316455698,0.0,1.1084894325099346,0.36687225313636285,1.0570000410079956,L_109,Yellow,146.29842820496054,-16.913879583498694
Elford_ER_C_11,16073100104.0,Elford,Crest,79.58333333333333,42261.42923473893,0.0,0.22522522522522523,73.42342342342343,26.35135135135135,0.0,1.497098363534628,0.3430778050713984,1.4259999990463257,L_110,Yellow,146.26656493670004,-16.930214133233793
Elford_ER_C_12,16073100104.0,Elford,Crest,79.375,312.98931139567867,0.0,0.0,75.0,25.0,0.0,1.5153333346048992,0.00642908572307028,1.5180000066757202,L_111,Yellow,146.24930128544818,-16.925325951552907
Elford_ER_C_2,16073100104.0,Elford,Crest,81.0909090909091,57605.03185068816,0.0,0.0,68.7603305785124,31.239669421487605,0.0,1.2561692604746844,0.5684652994226589,1.0720000267028809,L_112,Yellow,146.28946853609315,-16.926449314293972
Elford_ER_C_3,16073100104.0,Elford,Crest,84.21974522292993,60083.839003962465,0.47770700636942676,0.47770700636942676,51.59235668789809,46.81528662420382,0.6369426751592356,1.2816521734696966,0.23324173815519136,1.1984999775886536,L_113,Yellow,146.22593789299438,-16.92371844256764
Elford_ER_C_4,16073100104.0,Elford,Crest,84.00943396226415,54785.65416847123,0.0,0.0,58.147512864494,41.852487135506,0.0,1.6933357782320144,0.8677784268689631,1.3830000162124634,L_114,Yellow,146.27293024598356,-16.930455669415334
Elford_ER_C_5,16073100104.0,Elford,Crest,95.55147058823528,12832.631625673268,0.0,0.0,16.176470588235293,83.82352941176471,0.0,1.46483720735062,0.14862256693897397,1.4220000505447388,L_115,Yellow,146.29374542286357,-16.90981146434579
Elford_ER_C_6,16073100104.0,Elford,Crest,82.61519302615193,76044.65694113867,0.0,1.4943960149439601,57.78331257783312,40.72229140722291,0.0,1.2468049716574983,0.2756141120205075,1.1579999923706055,L_116,Yellow,146.23037215602548,-16.922946577408926
Elford_ER_C_7,16073100104.0,Elford,Crest,75.43560606060606,100181.29909620434,0.0,0.1893939393939394,88.63636363636364,11.174242424242424,0.0,1.2481842624001294,0.8365552883833854,0.882500022649765,L_117,Yellow,146.2849308912357,-16.927256151814845
Elford_ER_C_8,16073100104.0,Elford,Crest,80.48672566371681,118024.50294493232,0.0,0.0,70.95736122284795,29.042638777152053,0.0,1.2223903463615593,0.7291841206178987,0.9739999771118164,L_118,Yellow,146.27993587509943,-16.928235728282477
Elford_ER_C_9,16073100104.0,Elford,Crest,86.74960505529226,60109.49596805731,0.0,0.0,48.183254344391784,51.816745655608216,0.0,1.2831973489837267,0.6559331267972179,1.00600004196167,L_119,Yellow,146.2943571884868,-16.924609576019193
Elford_ER_OF_1,16073100104.0,Elford,Outer Flat,86.68855350842807,242250.00915593235,2.352018816150529,6.076048608388867,17.757742061936497,73.81419051352411,0.0,2.115728401950491,0.6658430159428542,1.8910000324249268,L_111,Yellow,146.2495799469574,-16.92432030907139
Elford_ER_OF_10,16073100104.0,Elford,Outer Flat,82.85714285714285,124908.22948251851,3.896103896103896,7.868601986249045,19.556913674560732,68.67838044308633,0.0,1.2387969518262731,0.31353462712565844,1.1399999856948853,L_114,Yellow,146.27380177898553,-16.928690765084404
Elford_ER_OF_11,16073100104.0,Elford,Outer Flat,72.7680067001675,113635.26297052717,0.0,14.656616415410385,45.7286432160804,39.61474036850921,0.0,0.708235657751718,0.09708524166591008,0.6959999799728394,L_108,Yellow,146.29635928399628,-16.91906919892512
Elford_ER_OF_12,16073100104.0,Elford,Outer Flat,89.46483971044468,91707.8292375924,0.20682523267838676,2.7921406411582215,27.404343329886245,69.59669079627714,0.0,1.6774334062915701,0.47601749034845475,1.5770000219345093,L_120,Yellow,146.29154475281035,-16.911538181763305
Elford_ER_OF_13,16073100104.0,Elford,Outer Flat,79.42642956764294,135850.1470950297,0.7670850767085077,14.225941422594142,20.292887029288703,64.71408647140865,0.0,2.1231550364525855,0.9410918528403583,1.8279999494552612,L_121,Yellow,146.25890775136537,-16.92747998954978
Elford_ER_OF_14,16073100104.0,Elford,Outer Flat,84.01061776061776,49141.425121693406,0.0,15.83011583011583,0.5791505791505791,83.59073359073359,0.0,2.187709096706275,0.2827450003091514,2.125,L_122,Yellow,146.26238999575975,-16.923192461459397
Elford_ER_OF_15,16073100104.0,Elford,Outer Flat,83.49199288256227,53826.22338320641,0.5338078291814946,12.98932384341637,10.854092526690392,75.62277580071175,0.0,2.091037386600102,0.9533625312432621,1.7640000581741333,L_123,Yellow,146.2351843982785,-16.921636551168366
Elford_ER_OF_16,16073100104.0,Elford,Outer Flat,79.73046488625124,97025.1128987968,8.011869436201781,10.187932739861523,4.648862512363996,76.36003956478734,0.7912957467853611,2.9136308160414988,1.4992625246517495,2.450000047683716,L_124,Yellow,146.25585871539,-16.922024866944522
Elford_ER_OF_17,16073100104.0,Elford,Outer Flat,74.84375,68525.34328866098,5.277777777777778,16.11111111111111,13.194444444444445,65.27777777777777,0.1388888888888889,3.4437703485059186,2.2045526662236052,2.3485000133514404,L_125,Yellow,146.21634108978486,-16.920425319899934
Elford_ER_OF_18,16073100104.0,Elford,Outer Flat,85.97701149425288,148695.41590357665,0.6385696040868455,4.533844189016603,32.18390804597701,62.64367816091954,0.0,1.4636700409546233,0.5124444684746705,1.371999979019165,L_110,Yellow,146.26709877549527,-16.92914368724079
Elford_ER_OF_19,16073100104.0,Elford,Outer Flat,73.8157894736842,28781.728845587466,0.0,2.3026315789473686,86.84210526315789,10.855263157894736,0.0,1.6904290667042188,0.16075815630722864,1.6929999589920044,L_126,Yellow,146.21919499671344,-16.90875009066587
Elford_ER_OF_2,16073100104.0,Elford,Outer Flat,78.7012614678899,165585.33163399575,0.286697247706422,2.7522935779816513,66.39908256880734,30.56192660550459,0.0,1.243544957475196,0.48975602683197345,1.0989999771118164,L_127,Yellow,146.29627792282014,-16.91359558977771
Elford_ER_OF_3,16073100104.0,Elford,Outer Flat,82.3406374501992,23778.652445240412,0.0,15.139442231075698,9.163346613545817,75.69721115537848,0.0,1.7231799149613,0.14127910691312243,1.6959999799728394,L_128,Yellow,146.23039961094204,-16.9108188955003
Elford_ER_OF_4,16073100104.0,Elford,Outer Flat,61.95402298850575,16592.14594898885,0.0,17.816091954022987,73.5632183908046,8.620689655172415,0.0,0.7018143720255641,0.03805554478892976,0.703000009059906,L_118,Yellow,146.28175355759217,-16.92702316803387
Elford_ER_OF_5,16073100104.0,Elford,Outer Flat,81.3600958657879,158322.37248498667,1.0185739964050329,1.737567405632115,57.75913720790893,39.48472139005393,0.0,1.6819696590662303,0.536939591935389,1.5665000081062317,L_129,Yellow,146.23720475418432,-16.91085594756363
Elford_ER_OF_6,16073100104.0,Elford,Outer Flat,84.94608626198084,118921.10221339483,0.1597444089456869,5.9105431309904155,32.66773162939297,61.26198083067093,0.0,2.0303344518720654,0.5133575338121248,1.8839999437332153,L_130,Yellow,146.2393734794632,-16.921484073936558
Elford_ER_OF_7,16073100104.0,Elford,Outer Flat,83.48451327433628,128982.22331511462,0.0,2.359882005899705,51.474926253687315,46.16519174041298,0.0,0.8531092044994724,0.14007533629669172,0.7960000038146973,L_131,Yellow,146.29297054514618,-16.92384418987552
Elford_ER_OF_8,16073100104.0,Elford,Outer Flat,84.88475177304964,107034.72890100488,2.74822695035461,3.102836879432624,33.687943262411345,60.46099290780142,0.0,1.9634435077786556,0.6539678538691852,1.7730000019073486,L_132,Yellow,146.24367821268334,-16.923121766032278
Elford_ER_OF_9,16073100104.0,Elford,Outer Flat,70.7681718061674,86652.49363158084,1.5418502202643172,26.87224669603524,2.973568281938326,68.61233480176212,0.0,2.629778291832217,1.0835672245480081,2.347499966621399,L_133,Yellow,146.2035727528273,-16.910571598357578
Elford_ER_SS_1,16073100104.0,Elford,Sheltered Slope,9.557495484647802,158343.6427825936,12.281757977122215,14.208308248043348,4.214328717639976,6.50210716435882,62.79349789283564,11.081398356291983,4.891481060983614,12.966000080108643,L_134,Yellow,146.23845544847214,-16.91837026335601
Elford_ER_SS_10,16073100104.0,Elford,Sheltered Slope,49.77272727272727,5318.305293030571,1.8181818181818181,3.6363636363636362,63.63636363636363,3.6363636363636362,27.272727272727273,6.216169793650789,4.813213135164401,4.439000129699707,L_135,Yellow,146.21984352322661,-16.90787372891062
Elford_ER_SS_11,16073100104.0,Elford,Sheltered Slope,0.0,9389.681316065602,0.0,0.0,0.0,0.0,100.0,17.980293460514236,0.9953120006759195,17.9064998626709,L_136,Yellow,146.2706935513974,-16.917705527531755
Elford_ER_SS_12,16073100104.0,Elford,Sheltered Slope,16.71875,3129.26198370615,0.0,0.0,18.75,3.125,78.125,10.95668751001358,3.5793219624362353,12.178999900817871,L_137,Yellow,146.2214862238964,-16.923332292449256
Elford_ER_SS_2,16073100104.0,Elford,Sheltered Slope,13.639887244538407,135152.96035117377,9.372797744890768,50.24665257223397,5.496828752642706,9.654686398872446,25.229034531360114,8.19063002393646,2.7127757047731973,8.875500202178955,L_138,Yellow,146.20952537542635,-16.913961901040434
Elford_ER_SS_3,16073100104.0,Elford,Sheltered Slope,36.06275303643725,23472.247369048186,17.408906882591094,4.048582995951417,35.22267206477733,10.526315789473685,32.79352226720648,7.597575749153699,3.6949970495678532,7.890999794006348,L_139,Yellow,146.24433595048956,-16.922176800150034
Elford_ER_SS_4,16073100104.0,Elford,Sheltered Slope,36.07281553398058,97606.50613648817,16.310679611650485,21.359223300970875,7.572815533980583,30.58252427184466,24.174757281553397,6.567748203674544,3.541401675954728,6.2769999504089355,L_140,Yellow,146.20433180441373,-16.91341995409707
Elford_ER_SS_5,16073100104.0,Elford,Sheltered Slope,32.38486842105263,71946.8830838264,4.605263157894737,17.63157894736842,8.552631578947368,26.18421052631579,43.026315789473685,8.698386962139326,4.743275415170896,8.472000122070312,L_141,Yellow,146.20164536218812,-16.908924992867597
Elford_ER_SS_6,16073100104.0,Elford,Sheltered Slope,29.787798408488065,35981.50364708854,14.058355437665783,16.180371352785144,7.427055702917772,24.40318302387268,37.93103448275862,8.568808886483104,3.5384581215251223,9.088000297546387,L_142,Yellow,146.212011607867,-16.918480156047078
Elford_ER_SS_7,16073100104.0,Elford,Sheltered Slope,19.801980198019802,28797.393418124877,1.6501650165016502,78.54785478547855,0.0,19.801980198019802,0.0,4.267216795807951,0.7101887325457991,4.309499979019165,L_143,Yellow,146.27897622196485,-16.919635516686025
Elford_ER_SS_8,16073100104.0,Elford,Sheltered Slope,4.226384364820847,29107.717398312874,10.09771986970684,0.6514657980456026,3.583061889250814,1.6286644951140066,84.03908794788273,13.103646016202841,3.83802520773871,14.61299991607666,L_144,Yellow,146.25719476374468,-16.92192136030161
Elford_ER_SS_9,16073100104.0,Elford,Sheltered Slope,5.091463414634147,53826.99441838125,1.5679442508710801,0.34843205574912894,3.658536585365854,2.4390243902439024,91.98606271777004,14.570775939137848,2.861668483969665,15.552000045776367,L_130,Yellow,146.2392590045569,-16.921027108535498
Elford_ER_S_1,16073100104.0,Elford,Slope,14.856181150550796,311336.2225115001,6.364749082007344,1.438188494492044,15.299877600979192,3.7637698898408813,73.13341493268054,12.571215798655354,4.228050544243752,13.028500080108643,L_145,Yellow,146.24111702671766,-16.91147552552168
Elford_ER_S_10,16073100104.0,Elford,Slope,3.1401975683890577,125505.64010765497,1.6717325227963526,0.9118541033434651,4.331306990881459,0.0,93.08510638297872,15.38008230662009,3.537660896594113,16.464000701904297,L_146,Yellow,146.27902730713245,-16.913272191897594
Elford_ER_S_11,16073100104.0,Elford,Slope,32.09043560606061,99856.55065180548,0.0,0.0,31.723484848484848,9.090909090909092,59.18560606060606,9.498166240865205,4.2550242010891655,9.838499546051025,L_147,Yellow,146.30184728433738,-16.91430494526043
Elford_ER_S_12,16073100104.0,Elford,Slope,7.855545617173524,106090.00433640555,15.026833631484795,0.0,10.465116279069768,0.26833631484794274,74.23971377459749,12.44242643688422,3.1384296609427875,12.291000366210938,L_148,Yellow,146.24903989975138,-16.917950090304746
Elford_ER_S_13,16073100104.0,Elford,Slope,24.98151082937137,180018.80202134652,0.0,0.0,29.793977812995244,3.3808769149498152,66.82514527205494,11.855366262033346,4.447491824256319,12.134999752044678,L_149,Yellow,146.28345657570375,-16.92960367202505
Elford_ER_S_14,16073100104.0,Elford,Slope,14.78245052386496,326071.049694587,10.040745052386496,6.19906868451688,14.930151338766008,3.958090803259604,64.87194412107101,11.727415175949348,4.730722310191421,12.900000095367432,L_150,Yellow,146.24463236277913,-16.915397398315932
Elford_ER_S_15,16073100104.0,Elford,Slope,1.6620672353236328,190216.44162023207,0.0,0.0,1.2543903662819869,0.7526342197691922,97.99297541394883,17.314333151290793,2.202438612372678,17.88599967956543,L_151,Yellow,146.23917505240183,-16.90369902170089
Elford_ER_S_16,16073100104.0,Elford,Slope,34.663120567375884,53827.47156010475,0.0,0.7092198581560284,31.914893617021278,11.52482269503546,55.851063829787236,10.467864587045998,6.283146803256301,11.295000076293945,L_152,Yellow,146.23454414972005,-16.92324064440201
Elford_ER_S_17,16073100104.0,Elford,Slope,26.12516425755585,144629.18991992064,0.0,0.0,26.609724047306177,6.83311432325887,66.55716162943496,11.167735424052719,5.058569602858029,12.71750020980835,L_153,Yellow,146.3010328571933,-16.918430248995087
Elford_ER_S_18,16073100104.0,Elford,Slope,0.0,148898.01095200004,0.0,0.0,0.0,0.0,100.0,16.308858780389514,0.842425519241413,16.2810001373291,L_154,Yellow,146.2255888959413,-16.900034398694594
Elford_ER_S_19,16073100104.0,Elford,Slope,6.6485148514851495,96661.44398395158,25.14851485148515,6.138613861386139,5.346534653465347,2.772277227722772,60.59405940594059,10.88627111277814,3.6565092921798534,11.215999603271484,L_155,Yellow,146.19929731386495,-16.911221861857847
Elford_ER_S_2,16073100104.0,Elford,Slope,41.62282144031568,290148.5026182546,2.2689904636632687,0.19730351857941467,44.3932916803683,9.437684972048668,43.702729365340346,9.403019716277003,4.023110389875598,9.324000358581543,L_156,Yellow,146.29729540032986,-16.909741682701462
Elford_ER_S_20,16073100104.0,Elford,Slope,21.659053156146175,114825.04259502981,2.9069767441860463,0.0,21.511627906976745,6.06312292358804,69.51827242524917,13.139343551411297,4.8184339617021426,14.902999877929688,L_157,Yellow,146.2385031313889,-16.90749613411665
Elford_ER_S_21,16073100104.0,Elford,Slope,0.0,140754.4730709605,0.0,0.0,0.0,0.0,100.0,15.523684665560722,0.791094019875006,15.468999862670898,L_158,Yellow,146.21666517459096,-16.898834845274212
Elford_ER_S_22,16073100104.0,Elford,Slope,6.990358126721763,68829.15950475587,9.366391184573002,0.0,9.641873278236915,0.0,80.99173553719008,12.9813548445352,3.2750307031982957,13.86549997329712,L_159,Yellow,146.23398802206134,-16.906278839062526
Elford_ER_S_23,16073100104.0,Elford,Slope,0.0,95473.48294012994,0.0,0.0,0.0,0.0,100.0,17.14636247378751,1.9759868458058176,17.510000228881836,L_160,Yellow,146.30665975791257,-16.912193868735805
Elford_ER_S_24,16073100104.0,Elford,Slope,26.52972027972028,81080.31676690746,0.0,0.0,19.23076923076923,12.587412587412587,68.18181818181819,12.728363183600392,6.014508108334021,15.042999744415283,L_110,Yellow,146.26601150457628,-16.93113031869555
Elford_ER_S_25,16073100104.0,Elford,Slope,9.807367829021372,169308.24664905109,3.1496062992125986,3.093363329583802,10.967379077615298,1.8560179977502813,80.93363329583802,14.018869356418165,3.9973766593418985,15.382999897003174,L_161,Yellow,146.25636326016735,-16.916163439071777
Elford_ER_S_26,16073100104.0,Elford,Slope,6.629260182876143,114162.37943328498,0.49875311720698257,0.0,9.14380714879468,0.0,90.35743973399833,14.69547065551595,3.2062123698837866,15.278000354766846,L_162,Yellow,146.19497712309436,-16.90395724540578
Elford_ER_S_27,16073100104.0,Elford,Slope,0.0,22536.31970276218,0.0,0.0,0.0,0.0,100.0,18.009729103501794,1.6616206597000212,18.424999237060547,L_163,Yellow,146.30764139297335,-16.907420537454076
Elford_ER_S_28,16073100104.0,Elford,Slope,27.357563850687622,48824.50477898354,0.0,0.0,17.68172888015717,14.538310412573674,67.77996070726915,12.828313595893091,5.702693119913772,14.15500020980835,L_132,Yellow,146.24445018137618,-16.924844834723388
Elford_ER_S_29,16073100104.0,Elford,Slope,25.421597633136095,64804.19810403744,0.0,0.0,27.514792899408285,5.4733727810650885,67.01183431952663,12.179298046880808,5.872391360151848,14.08400011062622,L_164,Yellow,146.27176437984005,-16.931417023372646
Elford_ER_S_3,16073100104.0,Elford,Slope,11.000585137507315,162433.71505506802,1.7554125219426566,1.3458162668227034,14.043300175541253,0.8191925102399064,82.03627852545348,13.959845232610586,3.757746022411578,15.120500087738037,L_165,Yellow,146.28581430387746,-16.909485379090405
Elford_ER_S_30,16073100104.0,Elford,Slope,45.347091932457786,51000.481316191144,12.195121951219512,1.5009380863039399,32.270168855534706,21.951219512195124,32.08255159474672,7.192425449847227,5.1344706541169405,5.4029998779296875,L_166,Yellow,146.21053090925417,-16.919721887031688
Elford_ER_S_31,16073100104.0,Elford,Slope,21.974921630094045,150484.32479333598,20.815047021943574,1.4420062695924765,18.808777429467085,8.338557993730408,50.59561128526646,9.441745352554829,4.5375522893704066,9.892499923706055,L_167,Yellow,146.20483065244733,-16.916244668917397
Elford_ER_S_32,16073100104.0,Elford,Slope,0.2953156822810591,46612.03379469784,0.20366598778004075,0.0,0.4073319755600815,0.0,99.38900203665987,13.234352149134097,1.2667922500710145,13.437999725341797,L_168,Yellow,146.21822569362996,-16.906742420312
Elford_ER_S_33,16073100104.0,Elford,Slope,14.17079207920792,134619.66478604497,0.0,0.0,16.61951909476662,2.1216407355021216,81.25884016973126,13.930910672689144,4.813473337321651,15.220999717712402,L_169,Yellow,146.29943630701578,-16.922557427391997
Elford_ER_S_34,16073100104.0,Elford,Slope,33.893728222996515,54461.06710961368,0.0,0.5226480836236934,41.46341463414634,3.832752613240418,54.181184668989545,9.891223262284548,6.2941665523414905,9.081999778747559,L_170,Yellow,146.24969134094792,-16.926200007143205
Elford_ER_S_35,16073100104.0,Elford,Slope,1.9784330985915493,107594.00013558939,11.355633802816902,0.0,2.7288732394366195,0.0,85.91549295774648,14.024995361594266,3.0649755409149213,15.020000457763672,L_171,Yellow,146.2103832868168,-16.89835047420828
Elford_ER_S_36,16073100104.0,Elford,Slope,37.68912529550827,40370.00313273119,0.0,0.0,31.44208037825059,14.893617021276595,53.664302600472816,9.426837018978448,5.601630240170875,8.659000396728516,L_116,Yellow,146.22918736864875,-16.924278277233874
Elford_ER_S_37,16073100104.0,Elford,Slope,9.308510638297872,62282.677392093,34.954407294832826,7.446808510638298,7.598784194528875,3.7993920972644375,46.20060790273556,10.187724925167737,4.297521742151783,9.751499652862549,L_144,Yellow,146.25867640394134,-16.919889876229966
Elford_ER_S_38,16073100104.0,Elford,Slope,1.2298558100084818,111411.61847271444,0.0,0.0,1.6963528413910094,0.0,98.303647158609,15.690708272676307,2.5895859788392275,15.70900011062622,L_172,Yellow,146.2615492105718,-16.914262995683956
Elford_ER_S_39,16073100104.0,Elford,Slope,23.876368319381843,148083.46177229844,0.0,0.0,28.84739214423696,2.962009014810045,68.190598840953,12.94282881244654,5.300321514068322,14.244999885559082,L_173,Yellow,146.27773176957194,-16.93101406458452
Elford_ER_S_4,16073100104.0,Elford,Slope,20.72485806974858,234284.18705729162,9.691808596918086,6.528791565287916,16.504460665044608,8.75912408759124,58.51581508515815,11.592959121356937,4.858715062572633,11.874500274658203,L_174,Yellow,146.19628905758742,-16.907714775950257
Elford_ER_S_40,16073100104.0,Elford,Slope,23.95771144278607,96100.27528847847,0.0,0.0,21.791044776119403,8.159203980099502,70.04975124378109,13.174384449007187,6.092474918115729,15.749000072479248,L_175,Yellow,146.25953969336905,-16.929422258582232
Elford_ER_S_41,16073100104.0,Elford,Slope,3.0322338830584705,63184.710597992875,4.197901049475262,3.898050974512744,3.1484257871064467,0.7496251874062968,88.00599700149925,14.427530512936611,3.2647747142144916,15.677000045776367,L_176,Yellow,146.20070948291877,-16.90605390217406
Elford_ER_S_42,16073100104.0,Elford,Slope,4.1466789667896675,103282.46208330011,0.36900369003690037,0.0,5.719557195571956,0.0,93.91143911439114,16.32814484553276,2.940354440217358,17.121999740600586,L_177,Yellow,146.26261130595563,-16.918273172905963
Elford_ER_S_43,16073100104.0,Elford,Slope,15.478080120937264,126132.27669022558,2.7210884353741496,0.07558578987150416,16.55328798185941,3.4769463340891913,77.17309145880574,11.476246035004419,3.4892851121206805,12.168999671936035,L_178,Yellow,146.29106439445755,-16.909306418746702
Elford_ER_S_44,16073100104.0,Elford,Slope,39.72326454033771,51333.54014409892,1.5009380863039399,0.0,37.711069418386494,12.382739212007504,48.405253283302066,10.302717414313184,5.2586824650429485,9.619000434875488,L_179,Yellow,146.2543061052095,-16.92734599300963
Elford_ER_S_45,16073100104.0,Elford,Slope,45.03393665158371,41937.25823739078,0.0,0.0,31.221719457013574,22.398190045248867,46.380090497737555,10.084532509744168,5.660162643948513,9.66599988937378,L_180,Yellow,146.2394515225107,-16.924173855194635
Elford_ER_S_46,16073100104.0,Elford,Slope,2.3770491803278686,70105.24495933158,0.0,0.0,3.278688524590164,0.0,96.72131147540983,15.612915011566578,3.3294203899659975,16.573999404907227,L_181,Yellow,146.26667455703776,-16.915438595801664
Elford_ER_S_47,16073100104.0,Elford,Slope,42.984330484330485,66337.72066151444,5.698005698005698,0.9971509971509972,32.763532763532766,19.23076923076923,41.31054131054131,9.22893758869171,5.952533934145002,8.032999992370605,L_182,Yellow,146.21745254591056,-16.922426232801822
Elford_ER_S_48,16073100104.0,Elford,Slope,23.26283269961977,100498.80730765127,0.0,0.0,30.513307984790874,1.1406844106463878,68.34600760456274,12.819269243039583,5.3989164507834,14.508500099182129,L_183,Yellow,146.29621917020634,-16.92586212138771
Elford_ER_S_49,16073100104.0,Elford,Slope,1.8510638297872337,22524.106860139407,2.127659574468085,0.0,2.5531914893617023,0.0,95.31914893617021,13.51604407054212,1.7889440213018801,14.02400016784668,L_184,Yellow,146.2248549088291,-16.904816409137783
Elford_ER_S_5,16073100104.0,Elford,Slope,0.28753541076487255,335968.1465102434,0.0,0.0,0.39660056657223797,0.0,99.60339943342777,17.3152384223105,1.1892831645070783,17.388999938964844,L_185,Yellow,146.23093623131018,-16.899739514209177
Elford_ER_S_50,16073100104.0,Elford,Slope,38.37866108786611,23157.07392614428,0.0,0.0,33.89121338912134,13.807531380753138,52.30125523012552,8.96127824265024,5.797539909104596,7.949000120162964,L_186,Yellow,146.2228970477473,-16.92419728350844
Elford_ER_S_51,16073100104.0,Elford,Slope,17.61177347242921,64115.71150727989,7.004470938897168,0.0,24.29210134128167,0.0,68.70342771982116,12.393807333745775,3.6833535388007808,11.460000038146973,L_187,Yellow,146.1956473319097,-16.901051494805014
Elford_ER_S_52,16073100104.0,Elford,Slope,0.0,43187.80882960232,0.0,0.0,0.0,0.0,100.0,15.363206319438602,1.9006641972795166,15.019999980926514,L_188,Yellow,146.30233144529308,-16.899971308987574
Elford_ER_S_6,16073100104.0,Elford,Slope,0.0,55396.315229838714,0.0,0.0,0.0,0.0,100.0,16.02041883398246,2.350116580028283,16.261499404907227,L_189,Yellow,146.29774776246842,-16.905080256259698
Elford_ER_S_7,16073100104.0,Elford,Slope,5.571996466431095,322942.3789655925,4.240282685512367,0.0,7.6855123674911665,0.0,88.07420494699646,14.248746787114019,3.5073015619650985,14.47700023651123,L_190,Yellow,146.25060073414227,-16.913376045446427
Elford_ER_S_8,16073100104.0,Elford,Slope,20.3753591954023,264867.9285628754,0.0,0.0,21.910919540229884,4.489942528735632,73.59913793103448,12.3169670046267,5.188202796184325,12.741000175476074,L_112,Yellow,146.2909937373043,-16.9281491409698
Elford_ER_S_9,16073100104.0,Elford,Slope,0.2945956928078017,233662.25014557084,0.0,0.0,0.4063388866314506,0.0,99.59366111336855,15.808046238019074,1.077512034480469,15.864999771118164,L_191,Yellow,146.2215823975034,-16.89956223654657
Briggs_BR_C_1,16074100104.0,Briggs,Crest,79.94791666666667,76997.8201778261,0.0,0.0,72.91666666666667,27.083333333333332,0.0,1.4049379850234789,0.7924663543051363,1.1994999647140503,L_192,Green,146.2133600681539,-16.940101458243802
Briggs_BR_OF_1,16074100104.0,Briggs,Outer Flat,82.81954887218045,38180.997513339855,11.027568922305765,3.2581453634085213,10.526315789473685,75.18796992481202,0.0,2.5771554439796684,1.1416918939557925,2.1679999828338623,L_193,Green,146.20397283042539,-16.93584033898461
Briggs_BR_OF_2,16074100104.0,Briggs,Outer Flat,78.51667141635794,334269.6228868989,5.9276147050441725,3.47677400968937,42.57623254488458,47.64890282131662,0.3704759190652608,1.5350253869520152,1.0686810406477216,1.4104999899864197,L_194,Green,146.21050072660324,-16.938715218761242
Briggs_BR_SS_1,16074100104.0,Briggs,Sheltered Slope,44.71883468834688,70728.59381575836,22.899728997289973,5.420054200542006,31.02981029810298,22.22222222222222,18.428184281842817,6.740519423793546,3.650399948166938,6.764999866485596,L_195,Green,146.20108915980222,-16.93676102990972
Briggs_BR_S_1,16074100104.0,Briggs,Slope,26.820388349514563,48824.963081851136,3.883495145631068,0.970873786407767,20.388349514563107,12.03883495145631,62.71844660194175,11.659787932144743,5.896211927175148,12.455499649047852,L_196,Green,146.20719040900286,-16.93876700814428
Briggs_BR_S_2,16074100104.0,Briggs,Slope,22.582799145299145,87942.62072634231,5.555555555555555,1.8162393162393162,16.55982905982906,10.576923076923077,65.49145299145299,11.727642944303609,4.668512318696648,12.35200023651123,L_197,Green,146.20046861005312,-16.937872649833366
Briggs_BR_S_3,16074100104.0,Briggs,Slope,37.644557823129254,57278.82204914279,0.0,0.0,41.83673469387755,7.312925170068027,50.85034013605442,8.872376813620761,5.672262106591943,7.370000123977661,L_198,Green,146.2128011938384,-16.940256810306394
